,Pixel acc,mIoU,mAP,seconds
gradcam,0.62,0.41,0.72,1052
layercam,0.65,0.41,0.71,977.612902
eigengradcam,0.63,0.38,0.7,1107.848377
eigencam,0.53,0.34,0.66,1160.776685
xgradcam,0.55,0.35,0.7,1094.452638
gradcam++,0.58,0.36,0.69,1045.633355
gradcam++,0.55,0.32,0.65,1054.720808
scorecam,0.68,0.48,0.79,9361.606697
ablationcam,0.64,0.46,0.65,9306.14571
DDS+layerCAM,0.65,0.41,0.71,22914
DDS+scorecam ,0.67,0.48,0.79,46800
